Role,Job Description,Skills Required,Skill Level
Software Engineer,Design and develop software applications,Python;Java;Data Structures;Algorithms;OOP,Intermediate
Software Developer,Develop and maintain software systems,Java;Python;Git;Debugging,Intermediate
Full Stack Developer,Develop frontend and backend systems,HTML;CSS;JavaScript;React;NodeJS;SQL,Intermediate
Backend Developer,Develop server side logic and APIs,Python;Java;NodeJS;SQL;API Development,Intermediate
Frontend Developer,Develop UI and user experience,HTML;CSS;JavaScript;React;UI Design,Intermediate
Data Scientist,Analyze data and build predictive models,Python;Machine Learning;Statistics;Pandas;Numpy,Advanced
Machine Learning Engineer,Build ML pipelines and models,Python;TensorFlow;Scikit Learn;Deep Learning,Advanced
AI Engineer,Develop AI applications,Python;Deep Learning;NLP;Computer Vision,Advanced
DevOps Engineer,Manage deployment and infrastructure,Docker;Kubernetes;AWS;Linux;CI/CD,Advanced
Cloud Engineer,Work on cloud platforms,AWS;Azure;GCP;Linux;Networking,Intermediate
Data Analyst,Analyze and visualize data,Excel;SQL;Python;Power BI;Statistics,Intermediate
Business Intelligence Analyst,Create dashboards and reports,Power BI;Tableau;SQL;Excel,Intermediate
QA Engineer,Test software systems,Manual Testing;Automation;Selenium;Test Cases,Intermediate
Test Automation Engineer,Automate testing,Selenium;Python;Automation Framework,Intermediate
iOS Mobile App Developer,Develop iOS applications,Swift;iOS;Xcode,Intermediate
Android Mobile App Developer,Develop Android apps,Java;Kotlin;Android Studio,Intermediate
UI Designer,Design user interface,Figma;Adobe XD;UI Design,Intermediate
UX Designer,Design user experience,User Research;Wireframing;Figma,Intermediate
Product Designer,Design product experiences,UI/UX;Figma;Design Thinking,Intermediate
Cybersecurity Analyst,Protect systems from threats,Networking;Security;Ethical Hacking;Linux,Advanced
Python Developer,Develop Python applications,Python;Flask;Django;API,Intermediate
Data Engineer,Build data pipelines,Python;SQL;Spark;ETL,Advanced
Network Engineer,Manage network systems,Networking;Cisco;Linux,Intermediate
Cloud Architect,Design cloud systems,AWS;Azure;System Design,Advanced
Systems Engineer,Manage IT systems,Linux;Networking;Infrastructure,Intermediate
Java Developer,Develop Java applications,Java;Spring Boot;SQL,Intermediate
.NET Developer,Develop .NET applications,C#;.NET;SQL,Intermediate
Web Developer,Develop websites,HTML;CSS;JavaScript,Beginner
Software Tester,Test software systems,Manual Testing;Bug Tracking,Beginner
Solutions Architect,Design enterprise systems,System Design;Cloud;Architecture,Advanced
Big Data Specialist,Handle big data systems,Hadoop;Spark;Python,Advanced
Fintech Engineer,Develop finance applications,Python;Finance;APIs,Intermediate
AI Prompt Engineer,Design AI prompts,NLP;AI;Prompt Engineering,Intermediate
Blockchain Developer,Develop blockchain apps,Solidity;Blockchain;Ethereum,Advanced
Robotics Engineer,Develop robots,Python;ROS;Embedded Systems,Advanced
Javascript Developer,Develop JS apps,JavaScript;React;NodeJS,Intermediate
AR/VR Developer,Develop AR/VR apps,Unity;C#;3D Modeling,Advanced
IoT Engineer,Develop IoT systems,Embedded;Sensors;Python,Advanced
Ethical Hacker,Test system security,Kali Linux;Pen Testing;Networking,Advanced
Site Reliability Engineer,Maintain reliability,Docker;Kubernetes;Monitoring,Advanced
Game Developer,Develop games,Unity;C#;Game Design,Intermediate
Product Manager,Manage product lifecycle,Communication;Agile;Leadership,Intermediate
Project Manager,Manage projects,Agile;Scrum;Leadership,Intermediate
Marketing Specialist,Develop marketing campaigns,Marketing;Analytics;SEO,Intermediate
Digital Marketing Specialist,Online marketing,SEO;Social Media;Google Ads,Intermediate
SEO Specialist,Optimize search engines,SEO;Analytics;Content,Intermediate
Content Writer,Write content,Writing;Research;SEO,Beginner
Copywriter,Write marketing copy,Writing;Marketing;Creativity,Beginner
Business Analyst,Analyze business needs,Excel;SQL;Communication,Intermediate
Operations Manager,Manage operations,Leadership;Planning;Operations,Intermediate
Sales Executive,Drive sales,Communication;Negotiation,Beginner
Technical Writer,Write documentation,Writing;Technical Knowledge,Intermediate
Market Research Analyst,Analyze market trends,Research;Analytics;Excel,Intermediate
Graphic Designer,Design graphics,Photoshop;Illustrator;Creativity,Intermediate